timestamp,scheduler_type,num_requests,num_gpus,k_bins,actual_rps,rps_scaling,d_sla,sla_violation_rate,capacity_qps_under_sla,throughput_requests_per_sec,throughput_tokens_per_sec,avg_latency,p50_latency,p95_latency,p99_latency,max_latency,avg_queueing_delay,avg_service_time,avg_gpu_utilization,min_gpu_utilization,max_gpu_utilization,num_batches,avg_batch_size,min_batch_size,max_batch_size,total_time,total_tokens,num_completed,execution_time_seconds,status
2025-11-29 22:16:15,multi_bin_dynamic,1000,1,1,4.055314489638671,200.0,0.05,0.0,4.046547598891959,4.046547598891959,3168.689562788337,0.5810230857412828,0.5902499999999975,1.1190477397058272,1.25099506759904,1.4396079999999642,0.1902998657412829,0.39072322,0.38232962708898494,0.38232962708898494,0.38232962708898494,379,2.638522427440633,1,20,247.12424,783060,1000,0.04259490966796875,success
2025-11-29 22:16:15,multi_bin_dynamic,1000,1,2,4.055314489638671,200.0,0.05,0.0,4.046547598891959,4.046547598891959,3168.689562788337,0.6585513014105978,0.6117544849827539,1.3811108878013285,1.5435517230768985,1.7092891428571306,0.30800682141059826,0.35054447999999955,0.38487438798407164,0.38487438798407164,0.38487438798407164,387,2.5839793281653747,1,24,247.12424,783060,1000,0.04680633544921875,success
2025-11-29 22:16:15,multi_bin_dynamic,1000,1,4,4.055314489638671,200.0,0.05,0.0,4.04638746215515,4.04638746215515,3168.564166115212,0.6458647820861604,0.5561439665226544,1.4738845400911924,1.8292663500382864,2.1440916190476287,0.371117482086161,0.2747472999999993,0.38909964153722904,0.38909964153722904,0.38909964153722904,422,2.3696682464454977,1,19,247.13401999999996,783060,1000,0.05075383186340332,success
2025-11-29 22:16:15,multi_bin_dynamic,1000,1,8,4.055314489638671,200.0,0.05,0.0,4.044762856625579,4.044762856625579,3167.2920025092258,0.8757546767049684,0.7334092142857429,2.127147921428582,2.5769127006998422,3.0431887006998863,0.6226325167049681,0.25312216000000054,0.4009129468496909,0.4009129468496909,0.4009129468496909,443,2.2573363431151243,1,19,247.23328299999997,783060,1000,0.04257655143737793,success
2025-11-29 22:16:15,multi_bin_dynamic,1000,1,16,4.055314489638671,200.0,0.05,0.0,4.042808163658696,4.042808163658696,3165.761360634579,1.3741380040641562,1.1011117532467267,3.4136452884484787,3.990568171608656,4.419192002734178,1.1314403040641559,0.24269769999999988,0.40846198861740457,0.40846198861740457,0.40846198861740457,451,2.2172949002217295,1,24,247.35281999999998,783060,1000,0.04404568672180176,success
2025-11-29 22:16:15,multi_bin_dynamic,1000,1,32,4.055314489638671,200.0,0.05,0.0,4.042676759775173,4.042676759775173,3165.658463509547,2.380967811423675,1.9937730073890094,6.278764384343413,7.469513880647761,8.444272086206809,2.1428438314236744,0.2381239800000003,0.4196195506548818,0.4196195506548818,0.4196195506548818,468,2.1367521367521367,1,29,247.36085999999997,783060,1000,0.04668712615966797,success
2025-11-29 22:16:15,multi_bin_dynamic,1000,2,1,4.055314489638671,200.0,0.05,0.0,4.0507932202522,4.0507932202522,3172.0141390506883,0.3473903681113882,0.30021999999999593,0.8687163750000195,1.0168588615384468,1.136678723776214,0.06429554811138888,0.2830948199999993,0.2694402367504326,0.2641525532353171,0.27472792026554815,657,1.5220700152207,1,13,246.86522999999997,783060,1000,0.04715609550476074,success
2025-11-29 22:16:15,multi_bin_dynamic,1000,2,2,4.055314489638671,200.0,0.05,0.0,4.0507932202522,4.0507932202522,3172.0141390506883,0.3302422419761923,0.2965349999999969,0.77888334047618,1.0351287866666163,1.2322386666666318,0.08363840197619266,0.24660383999999966,0.2727331425984554,0.2680221559215392,0.27744412927537154,668,1.4970059880239521,1,12,246.86522999999997,783060,1000,0.04637312889099121,success
2025-11-29 22:16:16,multi_bin_dynamic,1000,2,4,4.055314489638671,200.0,0.05,0.0,4.051765518332841,4.051765518332841,3172.7755067857142,0.3103391699285686,0.2506000000000057,0.7882735714286112,1.1112800000000025,1.3861300000000085,0.09693464992856915,0.21340451999999943,0.27415915038422906,0.27267834249307654,0.27563995827538157,712,1.404494382022472,1,11,246.80599,783060,1000,0.047341346740722656,success
2025-11-29 22:16:16,multi_bin_dynamic,1000,2,8,4.055314489638671,200.0,0.05,0.0,4.051765518332841,4.051765518332841,3172.7755067857142,0.3506093861038902,0.27999499999998534,0.9668634772726744,1.2224016181817872,1.7620264285714597,0.14942988610389105,0.20117949999999918,0.2805619208163328,0.2742859880272025,0.28683785360546316,745,1.342281879194631,1,14,246.80599,783060,1000,0.05016946792602539,success
2025-11-29 22:16:16,multi_bin_dynamic,1000,2,16,4.055314489638671,200.0,0.05,0.0,4.050518061260035,4.050518061260035,3171.798673050283,0.41896171161905,0.31841499999997325,1.1636465523808852,1.560387211428488,2.1110460000001012,0.22591823161905042,0.19304347999999955,0.287006198257043,0.27655193169206366,0.29746046482202226,758,1.3192612137203166,1,9,246.882,783060,1000,0.04994773864746094,success
2025-11-29 22:16:16,multi_bin_dynamic,1000,2,32,4.055314489638671,200.0,0.05,0.0,4.050518061260035,4.050518061260035,3171.798673050283,0.5511589470000032,0.3738000000000028,1.6673836999999574,2.5395986999999676,3.429108999999954,0.36414808700000434,0.1870108599999989,0.2943830595183127,0.29269978370233585,0.29606633533428944,790,1.2658227848101267,1,12,246.882,783060,1000,0.05859732627868652,success
2025-11-29 22:16:16,multi_bin_dynamic,1000,4,1,4.055314489638671,200.0,0.05,0.0,4.052721037431742,4.052721037431742,3173.5237355713,0.1991605599999989,0.1454000000000093,0.5266255000000015,0.7579451199999777,0.8712285714285883,0.007656019999999813,0.19150453999999908,0.16211613123274243,0.14748920287570283,0.18459368229422893,925,1.0810810810810811,1,9,246.74779999999998,783060,1000,0.04825091361999512,success
2025-11-29 22:16:16,multi_bin_dynamic,1000,4,2,4.055314489638671,200.0,0.05,0.0,4.052721037431742,4.052721037431742,3173.5237355713,0.19542202914285633,0.1504999999999974,0.49299999999999644,0.6535138857142905,0.9422399999999698,0.01034258914285715,0.18507943999999918,0.1630130791150201,0.14253924857688718,0.18711977805446933,920,1.0869565217391304,1,7,246.74779999999998,783060,1000,0.049097537994384766,success
2025-11-29 22:16:16,multi_bin_dynamic,1000,4,4,4.055314489638671,200.0,0.05,0.0,4.052721037431742,4.052721037431742,3173.5237355713,0.18702318999999953,0.14618499999998846,0.4718780000000023,0.6618201999999765,0.8649399999999616,0.013238910000000317,0.17378427999999924,0.16375408412962553,0.14043403831766707,0.19225699276751396,941,1.0626992561105206,1,4,246.74779999999998,783060,1000,0.06604599952697754,success
2025-11-29 22:16:16,multi_bin_dynamic,1000,4,8,4.055314489638671,200.0,0.05,0.0,4.052721037431742,4.052721037431742,3173.5237355713,0.19287432999999918,0.1466000000000065,0.4906000000000006,0.770680699999988,1.0858499999999935,0.01996581000000003,0.17290851999999915,0.1641461646263918,0.1382811518481624,0.18998742845934188,952,1.050420168067227,1,4,246.74779999999998,783060,1000,0.0486452579498291,success
2025-11-29 22:16:16,multi_bin_dynamic,1000,4,16,4.055314489638671,200.0,0.05,0.0,4.052721037431742,4.052721037431742,3173.5237355713,0.19330953999999934,0.14279999999999404,0.4959605000000009,0.7706039999999879,1.075630000000018,0.02318546000000012,0.17012407999999923,0.16524942674260928,0.1313014746230768,0.18510665545954222,964,1.037344398340249,1,4,246.74779999999998,783060,1000,0.05167341232299805,success
2025-11-29 22:16:16,multi_bin_dynamic,1000,4,32,4.055314489638671,200.0,0.05,0.0,4.052721037431742,4.052721037431742,3173.5237355713,0.19542011999999945,0.14410000000000878,0.5078500000000034,0.7694079999999621,1.2286699999999655,0.026262440000000397,0.16915767999999906,0.16550745335926004,0.14529211607965717,0.1809967100010618,971,1.0298661174047374,1,4,246.74779999999998,783060,1000,0.0572810173034668,success
2025-11-29 22:16:16,multi_bin_dynamic,1000,8,1,4.055314489638671,200.0,0.05,0.0,4.052721037431742,4.052721037431742,3173.5237355713,0.16663859999999908,0.1186000000000007,0.4545299999999925,0.5416399999999885,0.7701999999999884,2.6600000000001954e-05,0.1666119999999991,0.0844039946860722,0.04280565014156154,0.17331299407735343,1000,1.0,1,1,246.74779999999998,783060,1000,0.049247026443481445,success
2025-11-29 22:16:16,multi_bin_dynamic,1000,8,2,4.055314489638671,200.0,0.05,0.0,4.052721037431742,4.052721037431742,3173.5237355713,0.16663859999999908,0.1186000000000007,0.4545299999999925,0.5416399999999885,0.7701999999999884,2.6600000000001954e-05,0.1666119999999991,0.0844039946860722,0.04280565014156154,0.17331299407735343,1000,1.0,1,1,246.74779999999998,783060,1000,0.048448801040649414,success
2025-11-29 22:16:16,multi_bin_dynamic,1000,8,4,4.055314489638671,200.0,0.05,0.0,4.052721037431742,4.052721037431742,3173.5237355713,0.16663859999999908,0.1186000000000007,0.4545299999999925,0.5416399999999885,0.7701999999999884,2.6600000000001954e-05,0.1666119999999991,0.0844039946860722,0.04280565014156154,0.17331299407735343,1000,1.0,1,1,246.74779999999998,783060,1000,0.053417205810546875,success
2025-11-29 22:16:16,multi_bin_dynamic,1000,8,8,4.055314489638671,200.0,0.05,0.0,4.052721037431742,4.052721037431742,3173.5237355713,0.16663859999999908,0.1186000000000007,0.4545299999999925,0.5416399999999885,0.7701999999999884,2.6600000000001954e-05,0.1666119999999991,0.0844039946860722,0.04280565014156154,0.17331299407735343,1000,1.0,1,1,246.74779999999998,783060,1000,0.055225372314453125,success
2025-11-29 22:16:16,multi_bin_dynamic,1000,8,16,4.055314489638671,200.0,0.05,0.0,4.052721037431742,4.052721037431742,3173.5237355713,0.16663859999999908,0.1186000000000007,0.4545299999999925,0.5416399999999885,0.7701999999999884,2.6600000000001954e-05,0.1666119999999991,0.0844039946860722,0.04280565014156154,0.17331299407735343,1000,1.0,1,1,246.74779999999998,783060,1000,0.06402373313903809,success
2025-11-29 22:16:16,multi_bin_dynamic,1000,8,32,4.055314489638671,200.0,0.05,0.0,4.052721037431742,4.052721037431742,3173.5237355713,0.16663859999999908,0.1186000000000007,0.4545299999999925,0.5416399999999885,0.7701999999999884,2.6600000000001954e-05,0.1666119999999991,0.0844039946860722,0.04280565014156154,0.17331299407735343,1000,1.0,1,1,246.74779999999998,783060,1000,0.07350397109985352,success
2025-11-29 22:16:16,multi_bin_dynamic,1000,16,1,4.055314489638671,200.0,0.05,0.0,4.052721037431742,4.052721037431742,3173.5237355713,0.1666119999999991,0.1186000000000007,0.4545299999999925,0.5416399999999885,0.7701999999999884,0.0,0.1666119999999991,0.04220199734303608,0.0005762969315227938,0.19423476116099098,1000,1.0,1,1,246.74779999999998,783060,1000,0.05778098106384277,success
2025-11-29 22:16:16,multi_bin_dynamic,1000,16,2,4.055314489638671,200.0,0.05,0.0,4.052721037431742,4.052721037431742,3173.5237355713,0.1666119999999991,0.1186000000000007,0.4545299999999925,0.5416399999999885,0.7701999999999884,0.0,0.1666119999999991,0.04220199734303608,0.0005762969315227938,0.19423476116099098,1000,1.0,1,1,246.74779999999998,783060,1000,0.05867743492126465,success
2025-11-29 22:16:17,multi_bin_dynamic,1000,16,4,4.055314489638671,200.0,0.05,0.0,4.052721037431742,4.052721037431742,3173.5237355713,0.1666119999999991,0.1186000000000007,0.4545299999999925,0.5416399999999885,0.7701999999999884,0.0,0.1666119999999991,0.04220199734303608,0.0005762969315227938,0.19423476116099098,1000,1.0,1,1,246.74779999999998,783060,1000,0.06093716621398926,success
2025-11-29 22:16:17,multi_bin_dynamic,1000,16,8,4.055314489638671,200.0,0.05,0.0,4.052721037431742,4.052721037431742,3173.5237355713,0.1666119999999991,0.1186000000000007,0.4545299999999925,0.5416399999999885,0.7701999999999884,0.0,0.1666119999999991,0.04220199734303608,0.0005762969315227938,0.19423476116099098,1000,1.0,1,1,246.74779999999998,783060,1000,0.06638169288635254,success
2025-11-29 22:16:17,multi_bin_dynamic,1000,16,16,4.055314489638671,200.0,0.05,0.0,4.052721037431742,4.052721037431742,3173.5237355713,0.1666119999999991,0.1186000000000007,0.4545299999999925,0.5416399999999885,0.7701999999999884,0.0,0.1666119999999991,0.04220199734303608,0.0005762969315227938,0.19423476116099098,1000,1.0,1,1,246.74779999999998,783060,1000,0.07408761978149414,success
2025-11-29 22:16:17,multi_bin_dynamic,1000,16,32,4.055314489638671,200.0,0.05,0.0,4.052721037431742,4.052721037431742,3173.5237355713,0.1666119999999991,0.1186000000000007,0.4545299999999925,0.5416399999999885,0.7701999999999884,0.0,0.1666119999999991,0.04220199734303608,0.0005762969315227938,0.19423476116099098,1000,1.0,1,1,246.74779999999998,783060,1000,0.0800013542175293,success
2025-11-29 22:16:17,multi_bin_dynamic,1000,32,1,4.055314489638671,200.0,0.05,0.0,4.052721037431742,4.052721037431742,3173.5237355713,0.1666119999999991,0.1186000000000007,0.4545299999999925,0.5416399999999885,0.7701999999999884,0.0,0.1666119999999991,0.021100998671518045,0.00017507754881705128,0.192424815945674,1000,1.0,1,1,246.74779999999998,783060,1000,0.0526888370513916,success
2025-11-29 22:16:17,multi_bin_dynamic,1000,32,2,4.055314489638671,200.0,0.05,0.0,4.052721037431742,4.052721037431742,3173.5237355713,0.1666119999999991,0.1186000000000007,0.4545299999999925,0.5416399999999885,0.7701999999999884,0.0,0.1666119999999991,0.021100998671518045,0.00017507754881705128,0.192424815945674,1000,1.0,1,1,246.74779999999998,783060,1000,0.06989598274230957,success
2025-11-29 22:16:17,multi_bin_dynamic,1000,32,4,4.055314489638671,200.0,0.05,0.0,4.052721037431742,4.052721037431742,3173.5237355713,0.1666119999999991,0.1186000000000007,0.4545299999999925,0.5416399999999885,0.7701999999999884,0.0,0.1666119999999991,0.021100998671518045,0.00017507754881705128,0.192424815945674,1000,1.0,1,1,246.74779999999998,783060,1000,0.059986114501953125,success
2025-11-29 22:16:17,multi_bin_dynamic,1000,32,8,4.055314489638671,200.0,0.05,0.0,4.052721037431742,4.052721037431742,3173.5237355713,0.1666119999999991,0.1186000000000007,0.4545299999999925,0.5416399999999885,0.7701999999999884,0.0,0.1666119999999991,0.021100998671518045,0.00017507754881705128,0.192424815945674,1000,1.0,1,1,246.74779999999998,783060,1000,0.07325363159179688,success
2025-11-29 22:16:17,multi_bin_dynamic,1000,32,16,4.055314489638671,200.0,0.05,0.0,4.052721037431742,4.052721037431742,3173.5237355713,0.1666119999999991,0.1186000000000007,0.4545299999999925,0.5416399999999885,0.7701999999999884,0.0,0.1666119999999991,0.021100998671518045,0.00017507754881705128,0.192424815945674,1000,1.0,1,1,246.74779999999998,783060,1000,0.08822250366210938,success
2025-11-29 22:16:17,multi_bin_dynamic,1000,32,32,4.055314489638671,200.0,0.05,0.0,4.052721037431742,4.052721037431742,3173.5237355713,0.1666119999999991,0.1186000000000007,0.4545299999999925,0.5416399999999885,0.7701999999999884,0.0,0.1666119999999991,0.021100998671518045,0.00017507754881705128,0.192424815945674,1000,1.0,1,1,246.74779999999998,783060,1000,0.11279010772705078,success
2025-11-29 22:16:17,multi_bin_dynamic,1000,64,1,4.055314489638671,200.0,0.05,0.0,4.052721037431742,4.052721037431742,3173.5237355713,0.1666119999999991,0.1186000000000007,0.4545299999999925,0.5416399999999885,0.7701999999999884,0.0,0.1666119999999991,0.01055049933575903,0.0,0.15421738309318284,1000,1.0,1,1,246.74779999999998,783060,1000,0.07073140144348145,success
2025-11-29 22:16:17,multi_bin_dynamic,1000,64,2,4.055314489638671,200.0,0.05,0.0,4.052721037431742,4.052721037431742,3173.5237355713,0.1666119999999991,0.1186000000000007,0.4545299999999925,0.5416399999999885,0.7701999999999884,0.0,0.1666119999999991,0.01055049933575903,0.0,0.15421738309318284,1000,1.0,1,1,246.74779999999998,783060,1000,0.07293176651000977,success
2025-11-29 22:16:17,multi_bin_dynamic,1000,64,4,4.055314489638671,200.0,0.05,0.0,4.052721037431742,4.052721037431742,3173.5237355713,0.1666119999999991,0.1186000000000007,0.4545299999999925,0.5416399999999885,0.7701999999999884,0.0,0.1666119999999991,0.01055049933575903,0.0,0.15421738309318284,1000,1.0,1,1,246.74779999999998,783060,1000,0.0785379409790039,success
2025-11-29 22:16:18,multi_bin_dynamic,1000,64,8,4.055314489638671,200.0,0.05,0.0,4.052721037431742,4.052721037431742,3173.5237355713,0.1666119999999991,0.1186000000000007,0.4545299999999925,0.5416399999999885,0.7701999999999884,0.0,0.1666119999999991,0.01055049933575903,0.0,0.15421738309318284,1000,1.0,1,1,246.74779999999998,783060,1000,0.08963823318481445,success
2025-11-29 22:16:18,multi_bin_dynamic,1000,64,16,4.055314489638671,200.0,0.05,0.0,4.052721037431742,4.052721037431742,3173.5237355713,0.1666119999999991,0.1186000000000007,0.4545299999999925,0.5416399999999885,0.7701999999999884,0.0,0.1666119999999991,0.01055049933575903,0.0,0.15421738309318284,1000,1.0,1,1,246.74779999999998,783060,1000,0.11064410209655762,success
2025-11-29 22:16:18,multi_bin_dynamic,1000,64,32,4.055314489638671,200.0,0.05,0.0,4.052721037431742,4.052721037431742,3173.5237355713,0.1666119999999991,0.1186000000000007,0.4545299999999925,0.5416399999999885,0.7701999999999884,0.0,0.1666119999999991,0.01055049933575903,0.0,0.15421738309318284,1000,1.0,1,1,246.74779999999998,783060,1000,0.15903282165527344,success
2025-11-29 22:16:18,multi_bin_dynamic,1000,100,1,4.055314489638671,200.0,0.05,0.0,4.052721037431742,4.052721037431742,3173.5237355713,0.1666119999999991,0.1186000000000007,0.4545299999999925,0.5416399999999885,0.7701999999999884,0.0,0.1666119999999991,0.006752319574885776,0.0,0.18671777418076274,1000,1.0,1,1,246.74779999999998,783060,1000,0.0846250057220459,success
2025-11-29 22:16:18,multi_bin_dynamic,1000,100,2,4.055314489638671,200.0,0.05,0.0,4.052721037431742,4.052721037431742,3173.5237355713,0.1666119999999991,0.1186000000000007,0.4545299999999925,0.5416399999999885,0.7701999999999884,0.0,0.1666119999999991,0.006752319574885776,0.0,0.18671777418076274,1000,1.0,1,1,246.74779999999998,783060,1000,0.09437251091003418,success
2025-11-29 22:16:18,multi_bin_dynamic,1000,100,4,4.055314489638671,200.0,0.05,0.0,4.052721037431742,4.052721037431742,3173.5237355713,0.1666119999999991,0.1186000000000007,0.4545299999999925,0.5416399999999885,0.7701999999999884,0.0,0.1666119999999991,0.006752319574885776,0.0,0.18671777418076274,1000,1.0,1,1,246.74779999999998,783060,1000,0.09264039993286133,success
2025-11-29 22:16:18,multi_bin_dynamic,1000,100,8,4.055314489638671,200.0,0.05,0.0,4.052721037431742,4.052721037431742,3173.5237355713,0.1666119999999991,0.1186000000000007,0.4545299999999925,0.5416399999999885,0.7701999999999884,0.0,0.1666119999999991,0.006752319574885776,0.0,0.18671777418076274,1000,1.0,1,1,246.74779999999998,783060,1000,0.11303925514221191,success
2025-11-29 22:16:18,multi_bin_dynamic,1000,100,16,4.055314489638671,200.0,0.05,0.0,4.052721037431742,4.052721037431742,3173.5237355713,0.1666119999999991,0.1186000000000007,0.4545299999999925,0.5416399999999885,0.7701999999999884,0.0,0.1666119999999991,0.006752319574885776,0.0,0.18671777418076274,1000,1.0,1,1,246.74779999999998,783060,1000,0.1495347023010254,success
2025-11-29 22:16:19,multi_bin_dynamic,1000,100,32,4.055314489638671,200.0,0.05,0.0,4.052721037431742,4.052721037431742,3173.5237355713,0.1666119999999991,0.1186000000000007,0.4545299999999925,0.5416399999999885,0.7701999999999884,0.0,0.1666119999999991,0.006752319574885776,0.0,0.18671777418076274,1000,1.0,1,1,246.74779999999998,783060,1000,0.21410083770751953,success
2025-11-29 22:16:19,multi_bin_dynamic,10000,1,1,6.290831427735647,200.0,0.05,0.0,6.288010867746687,6.288010867746687,5407.583707679572,0.6522571171861054,0.6610298863718072,1.1572079741566368,1.3817810067997207,2.034343500000432,0.21614457718610652,0.4361125399999988,0.5777380755932046,0.5777380755932046,0.5777380755932046,3042,3.287310979618672,1,28,1590.3280401904756,8599832,10000,0.2926661968231201,success
2025-11-29 22:16:19,multi_bin_dynamic,10000,1,2,6.290831427735647,200.0,0.05,0.0,6.288273259375898,6.288273259375898,5407.809360072514,0.7253594125722833,0.6832569787864742,1.4034484015651512,1.6313151076671644,2.2370346218884833,0.3526927465722853,0.3726666659999981,0.5824109797815514,0.5824109797815514,0.5824109797815514,3146,3.178639542275906,1,39,1590.2616803571425,8599832,10000,0.30179357528686523,success
2025-11-29 22:16:19,multi_bin_dynamic,10000,1,4,6.290831427735647,200.0,0.05,0.0,6.288204444618186,6.288204444618186,5407.75018053697,0.7414726706352661,0.6686188677889504,1.5721539120137091,2.0346426322709465,2.801977571428324,0.4415616646352657,0.29991100600000054,0.5867024841987671,0.5867024841987671,0.5867024841987671,3605,2.7739251040221915,1,31,1590.2790833333331,8599832,10000,0.3125004768371582,success
2025-11-29 22:16:20,multi_bin_dynamic,10000,1,8,6.290831427735647,200.0,0.05,0.0001,6.286951041240495,6.287579799220417,5407.212995988932,1.0137485603580525,0.883040068181856,2.318882963097263,2.906038275594161,4.594584000000168,0.7357019903580534,0.278046569999999,0.5971733652757929,0.5971733652757929,0.5971733652757929,3846,2.6001040041601664,1,36,1590.4370710714284,8599832,10000,0.3221747875213623,success
2025-11-29 22:16:20,multi_bin_dynamic,10000,1,16,6.290831427735647,200.0,0.05,0.0002,6.285043488391268,6.2863007485409765,5406.113033892664,1.582932630187038,1.3559630401317122,3.78243560530667,4.558400648639175,5.899027357142927,1.316455970187037,0.2664766600000008,0.6079182428082226,0.6079182428082226,0.6079182428082226,3978,2.513826043237808,1,26,1590.7606715000006,8599832,10000,0.3189530372619629,success
2025-11-29 22:16:20,multi_bin_dynamic,10000,1,32,6.290831427735647,200.0,0.05,0.0002,6.276007540509278,6.2772629931079,5398.340716054509,2.7549602962353488,2.3136531702468517,6.865303663727598,8.136797771842566,9.670409999999265,2.4960247022353497,0.2589355939999994,0.6208938556398728,0.6208938556398728,0.6208938556398728,4100,2.4390243902439024,1,29,1593.0509859120873,8599832,10000,0.32265543937683105,success
2025-11-29 22:16:21,multi_bin_dynamic,10000,2,1,6.290831427735647,200.0,0.05,0.0005,6.286279917031922,6.289424629346596,5408.799518904299,0.38594948033502585,0.3568950000000086,0.8397692500000742,1.016682669871781,1.4028695238094997,0.07067783433502706,0.31527164599999885,0.435010280103849,0.4278533228383346,0.44216723736936336,6004,1.665556295802798,1,17,1589.9705600000002,8599832,10000,0.3433234691619873,success
2025-11-29 22:16:21,multi_bin_dynamic,10000,2,2,6.290831427735647,200.0,0.05,0.0006,6.2858840705357455,6.289657865254899,5409.000097867077,0.37241050233770895,0.3535700000001043,0.8064725119046555,0.9979594200000407,1.414070000000038,0.0986677003377099,0.27374280199999906,0.4419555479885298,0.43626744870701434,0.4476436472700453,6110,1.6366612111292962,1,19,1589.9116,8599832,10000,0.3478269577026367,success
2025-11-29 22:16:21,multi_bin_dynamic,10000,2,4,6.290831427735647,200.0,0.05,0.0005,6.286513036322272,6.289657865254899,5409.000097867077,0.3519806766928477,0.3092200000000389,0.8220397000000397,1.0558387285714714,1.674827000000164,0.1172796946928482,0.23470098199999948,0.4446080001979553,0.44253725852414716,0.44667874187176354,6634,1.507386192342478,1,16,1589.9116,8599832,10000,0.366485595703125,success
2025-11-29 22:16:22,multi_bin_dynamic,10000,2,8,6.290831427735647,200.0,0.05,0.0006,6.2858840705357455,6.289657865254899,5409.000097867077,0.40135368310231895,0.33780000000001564,0.9775952937562171,1.2775042655194115,1.9096500000002834,0.17936277110231919,0.22199091199999976,0.4532587388033335,0.45193993885616546,0.45457753875050155,6963,1.4361625736033319,1,14,1589.9116,8599832,10000,0.3639249801635742,success
2025-11-29 22:16:22,multi_bin_dynamic,10000,2,16,6.290831427735647,200.0,0.05,0.0006,6.2857069539768515,6.289480642362269,5408.84768915676,0.4976138260181746,0.3902317857144908,1.3150546307694582,1.7546532809091322,2.4603085714282997,0.2832480120181756,0.21436581399999896,0.4616162545811627,0.45529436962283876,0.4679381395394866,7180,1.392757660167131,1,14,1589.9563999999998,8599832,10000,0.38448667526245117,success
2025-11-29 22:16:23,multi_bin_dynamic,10000,2,32,6.290831427735647,200.0,0.05,0.0004,6.286964850105324,6.289480642362269,5408.84768915676,0.712056481863739,0.48754500000002565,2.113713499999903,2.7960724285721135,3.9903150000001233,0.5025847778637391,0.20947170399999968,0.4707520654927417,0.46677294689803805,0.4747311840874453,7370,1.3568521031207599,1,18,1589.9563999999998,8599832,10000,0.41744303703308105,success
2025-11-29 22:16:23,multi_bin_dynamic,10000,4,1,6.290831427735647,200.0,0.05,0.0006,6.28641310754245,6.290187219874374,5409.455333946668,0.2203552792999988,0.17250000000001364,0.5467620000000039,0.7178019999998981,1.0698628571428799,0.01014737729999975,0.2102079019999991,0.2718092472689305,0.26170115186926707,0.28181443292922786,9033,1.1070519207350824,1,10,1589.7778,8599832,10000,0.40494585037231445,success
2025-11-29 22:16:23,multi_bin_dynamic,10000,4,2,6.290831427735647,200.0,0.05,0.0005,6.287042126264438,6.290187219874374,5409.455333946668,0.21330032712454114,0.1735999999999649,0.5080062500000394,0.6446080000000242,0.9422399999999698,0.01281238912454189,0.20048793799999926,0.2736907944532121,0.2622883005890441,0.2833051981046836,9080,1.1013215859030836,1,13,1589.7778,8599832,10000,0.4028177261352539,success
2025-11-29 22:16:24,multi_bin_dynamic,10000,4,4,6.290831427735647,200.0,0.05,0.0005,6.287042126264438,6.290187219874374,5409.455333946668,0.2074344075571421,0.16528500000003987,0.5041415000000254,0.6504091999999903,1.089399999999955,0.015544981557142984,0.1918894259999991,0.2747254521871811,0.27137555364206023,0.28310079685349687,9301,1.07515320933233,1,10,1589.7778,8599832,10000,0.3932018280029297,success
2025-11-29 22:16:24,multi_bin_dynamic,10000,4,8,6.290831427735647,200.0,0.05,0.0005,6.287042126264438,6.290187219874374,5409.455333946668,0.20841617689999903,0.16650999999998817,0.5083667499999166,0.6561290000002136,1.0858499999999935,0.019907974899999948,0.18850820199999904,0.27592532459567565,0.27064979772644904,0.2898773224786504,9411,1.06258633513973,1,8,1589.7778,8599832,10000,0.4079625606536865,success
2025-11-29 22:16:25,multi_bin_dynamic,10000,4,16,6.290831427735647,200.0,0.05,0.0005,6.287042126264438,6.290187219874374,5409.455333946668,0.2121222777999973,0.16895999999998423,0.5164100000001893,0.7010000599999643,1.0773299999998471,0.025545809799998254,0.18657646799999908,0.27777772434613135,0.2736153914087863,0.28242043384930837,9540,1.0482180293501049,1,6,1589.7778,8599832,10000,0.40775132179260254,success
2025-11-29 22:16:25,multi_bin_dynamic,10000,4,32,6.290831427735647,200.0,0.05,0.0005,6.287042126264438,6.290187219874374,5409.455333946668,0.21987544185713995,0.17360000000007858,0.542259999999981,0.7828250999999253,1.2769700000001194,0.03459360185714097,0.18528183999999898,0.27953296534809496,0.26995063398167884,0.29068779926351945,9637,1.0376673238559717,1,7,1589.7778,8599832,10000,0.43285298347473145,success
2025-11-29 22:16:26,multi_bin_dynamic,10000,8,1,6.290831427735647,200.0,0.05,0.0007,6.285784088820463,6.290187219874374,5409.455333946668,0.18290613699999908,0.13959999999997308,0.46460000000001855,0.5672033000000142,0.8805999999999585,0.0001549070000000171,0.18275122999999904,0.142866905677007,0.12249522543339066,0.17313762967378182,9971,1.0029084344599337,1,4,1589.7778,8599832,10000,0.39649367332458496,success
2025-11-29 22:16:26,multi_bin_dynamic,10000,8,2,6.290831427735647,200.0,0.05,0.0007,6.285784088820463,6.290187219874374,5409.455333946668,0.18274738599999893,0.13949999999999818,0.46280000000001564,0.5670020000000073,0.8805999999999585,0.0001978019999999816,0.18254958399999896,0.1428892499945588,0.09294625324369223,0.1705574011663766,9974,1.0026067776218168,1,4,1589.7778,8599832,10000,0.4253673553466797,success
2025-11-29 22:16:26,multi_bin_dynamic,10000,8,4,6.290831427735647,200.0,0.05,0.0007,6.285784088820463,6.290187219874374,5409.455333946668,0.18260176899999897,0.13930000000003417,0.46300999999999265,0.5672060000000142,0.8805999999999585,0.00023358700000003125,0.18236818199999896,0.14289769142580788,0.10207893203691733,0.18873401679152882,9980,1.002004008016032,1,4,1589.7778,8599832,10000,0.4420642852783203,success
2025-11-29 22:16:27,multi_bin_dynamic,10000,8,8,6.290831427735647,200.0,0.05,0.0007,6.285784088820463,6.290187219874374,5409.455333946668,0.18247399099999903,0.13920000000001664,0.46300999999999265,0.5692159999999107,0.8805999999999585,0.0002666730000000115,0.182207317999999,0.14294935902363187,0.09469474287538795,0.19642255666169156,9986,1.001401962747847,1,4,1589.7778,8599832,10000,0.4427313804626465,success
2025-11-29 22:16:27,multi_bin_dynamic,10000,8,16,6.290831427735647,200.0,0.05,0.0007,6.285784088820463,6.290187219874374,5409.455333946668,0.1824489349999989,0.13939999999999486,0.46281000000001443,0.5670020000000073,0.8805999999999585,0.0003374109999999263,0.182111523999999,0.14298107414759453,0.104148290408886,0.1818323919229464,9990,1.001001001001001,1,3,1589.7778,8599832,10000,0.4827456474304199,success
2025-11-29 22:16:28,multi_bin_dynamic,10000,8,32,6.290831427735647,200.0,0.05,0.0007,6.285784088820463,6.290187219874374,5409.455333946668,0.18245346299999893,0.13939999999999486,0.46281000000001443,0.5670020000000073,0.8805999999999585,0.00035318899999994927,0.18210027399999898,0.14299269919985025,0.0943369570263216,0.17249655895308108,9992,1.00080064051241,1,3,1589.7778,8599832,10000,0.483715295791626,success
2025-11-29 22:16:28,multi_bin_dynamic,10000,16,1,6.290831427735647,200.0,0.05,0.0007,6.285784088820463,6.290187219874374,5409.455333946668,0.18199663999999902,0.13859999999999673,0.46260000000006585,0.5654039999999549,0.8805999999999585,0.0,0.18199663999999902,0.07154955868675475,0.00019939893487001768,0.30300964071834374,10000,1.0,1,1,1589.7778,8599832,10000,0.398160457611084,success
2025-11-29 22:16:29,multi_bin_dynamic,10000,16,2,6.290831427735647,200.0,0.05,0.0007,6.285784088820463,6.290187219874374,5409.455333946668,0.18199663999999902,0.13859999999999673,0.46260000000006585,0.5654039999999549,0.8805999999999585,0.0,0.18199663999999902,0.07154955868675475,0.00019939893487001768,0.30300964071834374,10000,1.0,1,1,1589.7778,8599832,10000,0.42818117141723633,success
2025-11-29 22:16:29,multi_bin_dynamic,10000,16,4,6.290831427735647,200.0,0.05,0.0007,6.285784088820463,6.290187219874374,5409.455333946668,0.18199663999999902,0.13859999999999673,0.46260000000006585,0.5654039999999549,0.8805999999999585,0.0,0.18199663999999902,0.07154955868675475,0.00019939893487001768,0.30300964071834374,10000,1.0,1,1,1589.7778,8599832,10000,0.4540529251098633,success
2025-11-29 22:16:30,multi_bin_dynamic,10000,16,8,6.290831427735647,200.0,0.05,0.0007,6.285784088820463,6.290187219874374,5409.455333946668,0.18199663999999902,0.13859999999999673,0.46260000000006585,0.5654039999999549,0.8805999999999585,0.0,0.18199663999999902,0.07154955868675475,0.00019939893487001768,0.30300964071834374,10000,1.0,1,1,1589.7778,8599832,10000,0.46765828132629395,success
2025-11-29 22:16:30,multi_bin_dynamic,10000,16,16,6.290831427735647,200.0,0.05,0.0007,6.285784088820463,6.290187219874374,5409.455333946668,0.18199663999999902,0.13859999999999673,0.46260000000006585,0.5654039999999549,0.8805999999999585,0.0,0.18199663999999902,0.07154955868675475,0.00019939893487001768,0.30300964071834374,10000,1.0,1,1,1589.7778,8599832,10000,0.547886848449707,success
2025-11-29 22:16:31,multi_bin_dynamic,10000,16,32,6.290831427735647,200.0,0.05,0.0007,6.285784088820463,6.290187219874374,5409.455333946668,0.18199663999999902,0.13859999999999673,0.46260000000006585,0.5654039999999549,0.8805999999999585,0.0,0.18199663999999902,0.07154955868675475,0.00019939893487001768,0.30300964071834374,10000,1.0,1,1,1589.7778,8599832,10000,0.6371948719024658,success
2025-11-29 22:16:31,multi_bin_dynamic,10000,32,1,6.290831427735647,200.0,0.05,0.0007,6.285784088820463,6.290187219874374,5409.455333946668,0.18199663999999902,0.13859999999999673,0.46260000000006585,0.5654039999999549,0.8805999999999585,0.0,0.18199663999999902,0.03577477934337739,1.4844841838903526e-05,0.3135503590501761,10000,1.0,1,1,1589.7778,8599832,10000,0.46321702003479004,success
2025-11-29 22:16:32,multi_bin_dynamic,10000,32,2,6.290831427735647,200.0,0.05,0.0007,6.285784088820463,6.290187219874374,5409.455333946668,0.18199663999999902,0.13859999999999673,0.46260000000006585,0.5654039999999549,0.8805999999999585,0.0,0.18199663999999902,0.03577477934337739,1.4844841838903526e-05,0.3135503590501761,10000,1.0,1,1,1589.7778,8599832,10000,0.4749796390533447,success
2025-11-29 22:16:32,multi_bin_dynamic,10000,32,4,6.290831427735647,200.0,0.05,0.0007,6.285784088820463,6.290187219874374,5409.455333946668,0.18199663999999902,0.13859999999999673,0.46260000000006585,0.5654039999999549,0.8805999999999585,0.0,0.18199663999999902,0.03577477934337739,1.4844841838903526e-05,0.3135503590501761,10000,1.0,1,1,1589.7778,8599832,10000,0.5153298377990723,success
2025-11-29 22:16:33,multi_bin_dynamic,10000,32,8,6.290831427735647,200.0,0.05,0.0007,6.285784088820463,6.290187219874374,5409.455333946668,0.18199663999999902,0.13859999999999673,0.46260000000006585,0.5654039999999549,0.8805999999999585,0.0,0.18199663999999902,0.03577477934337739,1.4844841838903526e-05,0.3135503590501761,10000,1.0,1,1,1589.7778,8599832,10000,0.572502851486206,success
2025-11-29 22:16:33,multi_bin_dynamic,10000,32,16,6.290831427735647,200.0,0.05,0.0007,6.285784088820463,6.290187219874374,5409.455333946668,0.18199663999999902,0.13859999999999673,0.46260000000006585,0.5654039999999549,0.8805999999999585,0.0,0.18199663999999902,0.03577477934337739,1.4844841838903526e-05,0.3135503590501761,10000,1.0,1,1,1589.7778,8599832,10000,0.675743818283081,success
2025-11-29 22:16:34,multi_bin_dynamic,10000,32,32,6.290831427735647,200.0,0.05,0.0007,6.285784088820463,6.290187219874374,5409.455333946668,0.18199663999999902,0.13859999999999673,0.46260000000006585,0.5654039999999549,0.8805999999999585,0.0,0.18199663999999902,0.03577477934337739,1.4844841838903526e-05,0.3135503590501761,10000,1.0,1,1,1589.7778,8599832,10000,0.8952221870422363,success
2025-11-29 22:16:35,multi_bin_dynamic,10000,64,1,6.290831427735647,200.0,0.05,0.0007,6.285784088820463,6.290187219874374,5409.455333946668,0.18199663999999902,0.13859999999999673,0.46260000000006585,0.5654039999999549,0.8805999999999585,0.0,0.18199663999999902,0.01788738967168869,0.0,0.2452921408262205,10000,1.0,1,1,1589.7778,8599832,10000,0.533801794052124,success
2025-11-29 22:16:35,multi_bin_dynamic,10000,64,2,6.290831427735647,200.0,0.05,0.0007,6.285784088820463,6.290187219874374,5409.455333946668,0.18199663999999902,0.13859999999999673,0.46260000000006585,0.5654039999999549,0.8805999999999585,0.0,0.18199663999999902,0.01788738967168869,0.0,0.2452921408262205,10000,1.0,1,1,1589.7778,8599832,10000,0.5871946811676025,success
2025-11-29 22:16:36,multi_bin_dynamic,10000,64,4,6.290831427735647,200.0,0.05,0.0007,6.285784088820463,6.290187219874374,5409.455333946668,0.18199663999999902,0.13859999999999673,0.46260000000006585,0.5654039999999549,0.8805999999999585,0.0,0.18199663999999902,0.01788738967168869,0.0,0.2452921408262205,10000,1.0,1,1,1589.7778,8599832,10000,0.6765398979187012,success
2025-11-29 22:16:37,multi_bin_dynamic,10000,64,8,6.290831427735647,200.0,0.05,0.0007,6.285784088820463,6.290187219874374,5409.455333946668,0.18199663999999902,0.13859999999999673,0.46260000000006585,0.5654039999999549,0.8805999999999585,0.0,0.18199663999999902,0.01788738967168869,0.0,0.2452921408262205,10000,1.0,1,1,1589.7778,8599832,10000,0.7788517475128174,success
2025-11-29 22:16:38,multi_bin_dynamic,10000,64,16,6.290831427735647,200.0,0.05,0.0007,6.285784088820463,6.290187219874374,5409.455333946668,0.18199663999999902,0.13859999999999673,0.46260000000006585,0.5654039999999549,0.8805999999999585,0.0,0.18199663999999902,0.01788738967168869,0.0,0.2452921408262205,10000,1.0,1,1,1589.7778,8599832,10000,0.9545540809631348,success
2025-11-29 22:16:39,multi_bin_dynamic,10000,64,32,6.290831427735647,200.0,0.05,0.0007,6.285784088820463,6.290187219874374,5409.455333946668,0.18199663999999902,0.13859999999999673,0.46260000000006585,0.5654039999999549,0.8805999999999585,0.0,0.18199663999999902,0.01788738967168869,0.0,0.2452921408262205,10000,1.0,1,1,1589.7778,8599832,10000,1.442204236984253,success
2025-11-29 22:16:40,multi_bin_dynamic,10000,100,1,6.290831427735647,200.0,0.05,0.0007,6.285784088820463,6.290187219874374,5409.455333946668,0.18199663999999902,0.13859999999999673,0.46260000000006585,0.5654039999999549,0.8805999999999585,0.0,0.18199663999999902,0.011447929389880762,0.0,0.3824974785784529,10000,1.0,1,1,1589.7778,8599832,10000,0.670140266418457,success
2025-11-29 22:16:41,multi_bin_dynamic,10000,100,2,6.290831427735647,200.0,0.05,0.0007,6.285784088820463,6.290187219874374,5409.455333946668,0.18199663999999902,0.13859999999999673,0.46260000000006585,0.5654039999999549,0.8805999999999585,0.0,0.18199663999999902,0.011447929389880762,0.0,0.3824974785784529,10000,1.0,1,1,1589.7778,8599832,10000,0.7012012004852295,success
2025-11-29 22:16:42,multi_bin_dynamic,10000,100,4,6.290831427735647,200.0,0.05,0.0007,6.285784088820463,6.290187219874374,5409.455333946668,0.18199663999999902,0.13859999999999673,0.46260000000006585,0.5654039999999549,0.8805999999999585,0.0,0.18199663999999902,0.011447929389880762,0.0,0.3824974785784529,10000,1.0,1,1,1589.7778,8599832,10000,0.8122503757476807,success
2025-11-29 22:16:42,multi_bin_dynamic,10000,100,8,6.290831427735647,200.0,0.05,0.0007,6.285784088820463,6.290187219874374,5409.455333946668,0.18199663999999902,0.13859999999999673,0.46260000000006585,0.5654039999999549,0.8805999999999585,0.0,0.18199663999999902,0.011447929389880762,0.0,0.3824974785784529,10000,1.0,1,1,1589.7778,8599832,10000,0.9500956535339355,success
2025-11-29 22:16:44,multi_bin_dynamic,10000,100,16,6.290831427735647,200.0,0.05,0.0007,6.285784088820463,6.290187219874374,5409.455333946668,0.18199663999999902,0.13859999999999673,0.46260000000006585,0.5654039999999549,0.8805999999999585,0.0,0.18199663999999902,0.011447929389880762,0.0,0.3824974785784529,10000,1.0,1,1,1589.7778,8599832,10000,1.3195347785949707,success
2025-11-29 22:16:46,multi_bin_dynamic,10000,100,32,6.290831427735647,200.0,0.05,0.0007,6.285784088820463,6.290187219874374,5409.455333946668,0.18199663999999902,0.13859999999999673,0.46260000000006585,0.5654039999999549,0.8805999999999585,0.0,0.18199663999999902,0.011447929389880762,0.0,0.3824974785784529,10000,1.0,1,1,1589.7778,8599832,10000,2.0251080989837646,success
2025-11-29 22:16:48,multi_bin_dynamic,100000,1,1,23.62083830355139,200.0,0.05,1e-05,19.486732927801967,19.48692779707994,12121.063569323136,253.78561593577794,66.82889380796314,866.7362720752944,891.6853125514863,898.1352260363337,253.12005789557796,0.6655580402000121,0.6975895480820112,0.6975895480820112,0.6975895480820112,9319,10.730765103551883,1,126,5131.645226036334,62200998,100000,2.5400044918060303,success
2025-11-29 22:16:51,multi_bin_dynamic,100000,1,2,23.62083830355139,200.0,0.05,1e-05,20.377154891441688,20.37735866502834,12674.920455687103,129.25762697278023,87.84644697800786,392.35389724317224,613.8191206649985,674.0573653922665,128.9935566565802,0.26407031620001714,0.6882568035081991,0.6882568035081991,0.6882568035081991,9768,10.237510237510238,1,126,4907.407365392267,62200998,100000,2.4679148197174072,success
2025-11-29 22:16:53,multi_bin_dynamic,100000,1,4,23.62083830355139,200.0,0.05,1e-05,20.40979598950218,20.41000008950307,12695.223747471804,212.4888545878755,167.3385425629176,556.8087433023393,610.7118241097024,666.0740182006084,212.27274190607545,0.21611268180002313,0.692391871601543,0.692391871601543,0.692391871601543,11073,9.030976248532466,1,126,4899.559018200608,62200998,100000,2.5560989379882812,success
2025-11-29 22:16:56,multi_bin_dynamic,100000,1,8,23.62083830355139,200.0,0.05,4e-05,20.420425956790076,20.421242806502335,12702.216829647661,188.54338613340795,125.15140002933276,504.0229544920967,609.0527635428854,663.4216135428824,188.33952434300792,0.20386179040000293,0.7009968279695498,0.7009968279695498,0.7009968279695498,11750,8.51063829787234,1,126,4896.861613542882,62200998,100000,2.568342447280884,success
